Carimbo de data/hora,Qual seu nome de usuário no servidor Discord Matemática como Hobby?,Qual seu nome de usuário no Instagram?,Qual seu nome de usuário no YouTube?
14/05/2025 11:04:46,Thanone,Sathanone,.danoninho
14/05/2025 11:06:20,@darkhatsu,@lipemali,@felipemalicheski
14/05/2025 11:06:27,Bruno Queiroz | brunogsq ,brunogsq,@gsqbruno
14/05/2025 11:06:33,Pedrim,Pedro Gabriel da Cruz (@_pedro_g_c),Pedro Gabriel da Cruz (@pedrogabrieldacruz3009)
14/05/2025 11:11:25,Ghetti,gabriel_ghetti,Gabriel Ferreira 
14/05/2025 11:14:03,Shaky,_gabrieelgn,SolidShaky
14/05/2025 11:18:02,Kevin caldo de cana,Kdsilva_,@Kevindesousadasilva7699
14/05/2025 11:19:48,"Angelo Ferreira, angelo1529",angelof6_,@angeloferreira2.0
14/05/2025 11:26:08,hb0x,vitormarcis,@cafe._.289
14/05/2025 11:26:28,kauamiguel,Não utilizo instagram :(, @kauamiguel2599
14/05/2025 11:26:31,nicolas321,batalhanicolask ,Nicolasbatalha4909
14/05/2025 11:27:34,banguela,david_banguela,Davi_vitor
14/05/2025 11:41:29,jhoseph074, jose_fernandes_da_silva_filho,Jhoseph (Identificador: @jhxseph )
14/05/2025 11:53:10,little me,eduardo509806,Eduardo Silva2306
14/05/2025 11:56:27,Fernandin ou fernandin1082,fernando_jesusjr ou Fernando Jesus,@fernandojesusbatistajunior2154 ou Fernando Jesus Batista Junior
14/05/2025 11:58:24,Tonietti ( Escola Naval),toni3tti,Tonie3tti
14/05/2025 12:03:38,lucasttravassos,travass.lucas,@lucasttravassos
14/05/2025 12:11:46,#chico5301,lielsodre,@Gabriel-wo3gl
14/05/2025 12:12:28,jeff05875,jefferson.l7,@jeffesonlima7272
14/05/2025 12:12:59,Erlison Albuquerque,@erlison.albuquerque,Erlison Albuquerque
14/05/2025 12:13:13,pilhadaboa,pierrealeph,@eduardoz398
14/05/2025 12:23:46,lucas1991,lucaspirz0,LucasOliveira-zq6cc
14/05/2025 12:25:20,BAHIA,dav1_bahia,@DungaBoss
14/05/2025 12:37:59,Luciomar,lucio_math,lucio.math_82
14/05/2025 12:43:53,Admilson,Admilson.ram0s,Pobre do Cerrado
14/05/2025 12:44:07,M.P,matematicaesuassociologias,ProfessorMatheusLima
14/05/2025 12:51:19,Aquilesgddd,Aquiles Rocha,Psicopato.854
14/05/2025 13:06:26,Luciomar ,@lucio.math,@lucio.math_82
14/05/2025 13:13:38,.kiwii092,j_pedromg,hehe7619
14/05/2025 13:19:40,kawann.n_,kawann_z,kawan-27
14/05/2025 13:20:28,cauabgc,@cbrunogcs,@cauabgc 
14/05/2025 13:21:29,Andredn,dnascimentoandre,André Nascimento 
14/05/2025 13:29:11,pedro.henrii#0000,Eu não uso Instagram mas eu te segui pelo celular do meu irmão. O Instagram é @guih_ftr,pedro-yl5wx
14/05/2025 13:34:35,Moises,guilhermemoises00,@gui2314
14/05/2025 13:59:21,Kendrick Saldanha,Joao.la / João Luís,João luís / @joaoluis9484
14/05/2025 14:06:31,Higor de Oliveira Alves,Higor,Higor 007
14/05/2025 14:14:27,Hendryu (hendryu.),@3691215h,HendRyu (@HendryuF)
14/05/2025 14:22:45,Jalinhabey_,_pedrohenrique_teixeira,Thephagas
14/05/2025 14:38:35,David Juan,djuan_,davidjuan1934
14/05/2025 14:56:17,jp72pm,joaopedropm72,@joaopedropiazza444
14/05/2025 14:57:14,Agiota1237,agustosz_s,carlosstm1609
14/05/2025 15:05:08,pensador_7,gabrielr_menezes,@otalraposa
14/05/2025 15:14:04,cassulacom2s8365,iansouza80,O Enésimo Pombo
14/05/2025 15:21:17,CursE,_mister177,mister1778
14/05/2025 15:45:03,Wrest,vii.tuttii,Wrest_1349
14/05/2025 16:17:08,tonifilho1754 (Toni Filho),antonio_cesar_filho (Antonio Cesar),TheTonicesar (Antonio Cesar)
14/05/2025 16:17:54,"M25 , (m250575)",mauricio_n_macedo,@mauricio-mal7892
14/05/2025 16:21:46,noisy boy(_noisy.boy),marc3_l0,Marcelo-bf6kh
14/05/2025 16:21:56,pedrotz7426,Ridzcurto,Mathfanboy
14/05/2025 16:23:29,Pedrotz7426,Keniaamaronascimento,Mathfanboy
14/05/2025 16:30:55,Levi.007,levi.77_55,Levi92
14/05/2025 16:42:40,hipaso,@bielofcourse,@physicalbiel4947
14/05/2025 16:57:38,Gui1034,gui.hk.sccp,caminhodogui
14/05/2025 17:01:06,Chony10,abilio_chuculia,Abilio Chony
14/05/2025 17:01:52,guilherme sales,guigo2906,Guilherme Sant'Ana da silva sauro
14/05/2025 17:20:57,Renan Saldanha,renan.rsaldanha,ProgeConsultivo
14/05/2025 17:22:25,Hipátia de Alexandre ,bruna.lilian .58,Bruna Lilian 
14/05/2025 17:24:39,Hipátia de Alexandre ,bruna.lilian. 58,bruna Lilian 
14/05/2025 17:25:47,Hipátia de Alexandre ,Bruna.lilian .58,@ brunalilian6513
14/05/2025 17:45:46,stxmendes,stx.mendes7,MendesNS
14/05/2025 17:53:31,ericmaiaandrade,ericmaiaandrade,ericmaia7827
14/05/2025 18:03:27,.so4m ,@ligeirin_dubrt,@Tremdubomrre
14/05/2025 18:05:38,luqinha,lucasventuri_,LUCAS VENTURI
14/05/2025 18:43:30,dissolvido (Bruno ollange),@bruno_ollange,@aler3485
14/05/2025 18:47:47,Mizu (guizeline),ianguizeline,Mizuky
14/05/2025 18:48:44,staan_,choueiri._,qebc
14/05/2025 18:52:00,guikingg,guilhermemarcl,guilhermemarcl
14/05/2025 19:14:48,Marcoosouza,marcoosouza_,@marcosouza8601
14/05/2025 19:17:37,bk223,vitor_amorim_ms,Baconzudo
14/05/2025 19:29:16,Tiburci,@Tiburcianno, Capp - CapivaraPolar
14/05/2025 19:48:35,Yvi,yvipeace,Hevylin Paz
14/05/2025 19:52:38,EstudanteSofrido,@Iker_serpa,@estudantesofrido
14/05/2025 20:40:36,Saika0378,Saikas_z,Erikagabrielle8490
14/05/2025 20:40:43,wladm1r,whdm_,WladmirHenrico
14/05/2025 21:10:12,lucas3968,Lucas_2213, @lucasbarbosa5281
14/05/2025 21:14:42,baconSuperFaturado, dand4niel_,DanielSantos-cr3xc
14/05/2025 21:31:59,Xilef,bielw.a.c,Zenkatsu              (@zenkatsu9634)
14/05/2025 21:35:38,nome do usuario: aqwszxde,samuel_memories_chest,@kkiuzejo2341
14/05/2025 21:44:28,budcartun,gu_boschetti,Gustavo-h2d6m
14/05/2025 21:49:52,pietrogasp3 (Pietro),pietro__eduardo,Pietro E. G. Melo
14/05/2025 21:57:17,NÚMERO 5,@mattsus543,@reviroxi7326  ou REVI ROXI
14/05/2025 22:14:26,julio_cesar_sr,julio_cesar.sr,@JulioCesarSR29
14/05/2025 22:43:55,Gabriel Calenzani ,gabrielcalenzani,gabrieldepiantecalenzani
14/05/2025 22:50:25,Mr_alucard0,Luisg.ks,Mr_alucard0
14/05/2025 22:55:10,lucasgodois,lucas.acquaviva,@Lucas-Acquaviva
14/05/2025 23:18:29,ryannazario,ryannaza,r_y_a_n.
14/05/2025 23:33:18,shumas2,@mk_shumacher,@godzuerobr1
15/05/2025 00:07:58,Se tropeçar eu Kaio,Kaio Duarte Paiva,Kaio
15/05/2025 01:02:24,this.raul,3.raul14,3raul14
15/05/2025 01:17:19,pinkblinders,lukezn._,@LuquinhasUBrabo
15/05/2025 02:01:21,Miruano,__matson,MatsonOliveira
15/05/2025 05:09:30,HazX,hazpsy_x ,hazpsy_x
15/05/2025 06:23:15,lucasbarbosa0013,lucas.mendgb,@LucasGomesB89
15/05/2025 07:24:38,leodkq,leoddkq,leoddkq
15/05/2025 09:08:33,jdavicp,j_davicorreia,JoseDaviCorreiaPassos
15/05/2025 10:54:36,guilherme_195,guilhermekkjfd, Guilherme
15/05/2025 11:21:30,Ojuara,tiagoojuara,tiago araujo
15/05/2025 11:25:15,guilherme_aquino,guilhermeaquino__,Guilherme-Aquino
15/05/2025 12:53:05,lucas_Makoski,lmakoskiguimaraes,Lucas Makoski 
15/05/2025 13:12:48,Thalubinho,thaleshenriquest,@Thalubinho
15/05/2025 13:14:44,Pedro.,pedro_botho,@otomobe3704
15/05/2025 13:54:34,andrey_slm,andrey.ladislau,Zoro Flamenguista
15/05/2025 14:44:43,bbrrieel,Eliejames77,gabrielaguiar7330
15/05/2025 15:10:49,.jeancezar,Jean.cezar.79,@jeancezar9167
15/05/2025 16:00:06,henrique.mp4,_.antoniohenrique,antoniohenrique3334
15/05/2025 16:31:25,Shiina,@eocaio7777,@Sacra_0
15/05/2025 17:36:35,suetamBB,brangionimateusbraga,@MateusBrangioni
15/05/2025 18:20:25,Zodameranu,snt.math,Homeomorphism 
15/05/2025 18:43:36,diogoricardo,diogo.rbc,@diogoricardo5460
15/05/2025 19:04:15,pompeu_,turnsolver,CaiooPompeu
15/05/2025 19:29:23,rafbolacha,rafbiscoituh,@rafbolacha
15/05/2025 20:34:40,Luddik,Loui.AmGo,@louigomes154
15/05/2025 21:09:23,franz.ak47,jeymis2601,BAKANA1086
15/05/2025 21:25:36,Suy,josuematias401,AcroEstagirita
15/05/2025 21:59:23,ZERO,vitormanoells,@vitormanoel2453
15/05/2025 22:24:44,John Jones,jovifsc,@jovifsc
15/05/2025 22:31:58,Jean,sawinamed,apxjean
15/05/2025 23:38:21,Gabrielsantos007,Gabriel_mtb007,Gabrielsantos-cc5ib
16/05/2025 11:12:29,LirN,Nao tenho ,podn1402
16/05/2025 17:28:11,leglub,luizhrbrito,Luiz Henrique
16/05/2025 17:30:02,boladex8198,rafael.dcl,Rafael-mm7ky
16/05/2025 19:09:01,É_OTi∀go,anjoss_tiago,Tiago GTX
16/05/2025 19:15:13,Phi [gui.08],gui [Guilh3rme.lima],Gîtâ [emconstrucao.2235]
16/05/2025 20:29:23,tsukiwoxd,pedromig9,pedro-xn6hv
16/05/2025 20:55:40,JoseMatheus,jose.matheus.14473426,@joseribeiro-gr9kr
16/05/2025 22:37:22,Trigonometrico trisomelli (nepomuceno502),arthur.nn23,Arthur 2137
16/05/2025 23:12:54,vitor (vitorengenharia),vi1or_gab,Bostaliquida462
17/05/2025 00:03:20,Dante JJB,joaossilvaf,joãovitordossantossilva2787
17/05/2025 00:59:14,livai_r,davi_l.r,@davilittig8408
17/05/2025 07:27:11,Stark_Mark0,Mark_027_,zMark_xyz
17/05/2025 08:38:34,cobaiaking (Albino),albinoluthiane,@albinofilho4091
17/05/2025 10:12:50,Rafa Macêdo,@Rafa Lobo,@rafalobo6633
17/05/2025 11:31:37,Django,Artzeiro,Matematicando
17/05/2025 12:43:33,Pedrotz7426,Softcomitabira,Mathfanboy 
17/05/2025 17:29:06,Renankjkjkk,renantw5,renanximensdasilva1884
17/05/2025 20:20:12,gabrielnewb,@mauro.gabriel.5855,@maurogabriel9700
17/05/2025 21:41:54,lolafigueiredo,lolafigueiredo1,lolafigueiredo
17/05/2025 23:18:18,Cake,@kaique_henriquesije,@Qkuiae
18/05/2025 11:17:53,raquel049002,raquel91002025,Raquel-12-y9f
18/05/2025 12:54:07,valdirmd_30332,valdirmdiogo,ValdirmatfisRHCP
18/05/2025 18:42:51,Gustavo Pudim,@gustavoopudim,Gustavo Pudim
19/05/2025 06:55:16,Lob134,lucs.134,Lob
19/05/2025 19:09:23,h4x,samgdsilva,RaioznX
20/05/2025 16:04:18,l3sker,lesker01,@deLesker
20/05/2025 17:29:08,fantastic_flamingo_76916,israelmedeiros49,israeldantasoliveirademede8931
21/05/2025 21:46:57,nicolasotenaz,nicolas_lima.06,nicolasgabrieldelima2799
21/05/2025 22:42:15,username: henr7_ / nome exibido: henry,_henrx7_,@Henry-d1s4s
24/05/2025 10:27:25,leonardo.v.rezende,leonardo.v.rezende,leonardo.v.rezende
24/05/2025 14:54:04,daniel_62981,@danieljose_soad,@danieljose6762
24/05/2025 18:27:05,tgomix28,@tgomx28,@Felainibola
25/05/2025 02:08:59,iuri2699,henriuri00,HenricusAlves
25/05/2025 02:49:39,pinkblinders,lukezn._,LuquinhasUBrabo
25/05/2025 10:47:57,vitor099,@_vitorfps_,@VitorECVitória
25/05/2025 10:55:28,2A7,pedrootavionoronhade,pedrootavionoronhadelacerd8481
25/05/2025 11:14:33,Will-Helm Informáticas,guilhermesfv,@guilhermeviana6089
25/05/2025 11:54:29,Skourge | EsSA | ,tenho uma conta perdida https://www.instagram.com/pcdogab2025/ ,https://www.youtube.com/@Carlos12222
25/05/2025 12:09:51,iurimc1618,whythefuckamistillhere_,TheRealSlimPiggy
25/05/2025 12:27:03,@viniciustavaresnovaes.,@vtntavares,@viniciustavares8263
25/05/2025 12:33:49,Alu,Luasmaths,LucasgabrielGG
25/05/2025 12:49:35,sinxyz,painxuo,painxuo
25/05/2025 12:50:27,babidisrc,thaipersona,taitaibalao
25/05/2025 12:53:01,Deco,Zoroastro _Azambuja,Zoroastro Azambuja 
25/05/2025 15:04:26,raphael720,raphael_720,raphaelnascimento7123
25/05/2025 15:10:32,pedroo1933,@riddlealive,@p4s0c4batutinha2
25/05/2025 16:03:48,Forajjido21,gabriel_s_m_assis,Gabriel Assis
25/05/2025 16:46:49,gabrieljesus610,gaabriel.j,GabrielJQSantos
25/05/2025 17:05:52,espoqui,hugowanan,Hugo Wanan
25/05/2025 17:25:10,brazilianski,gab_brasilteles,@joaogabrielbrasil8064
25/05/2025 17:26:42,Felipe14,felbelisario,felipebelisario4404
25/05/2025 19:34:56,Caio (caiomarq),@caymarq,@caymarq
25/05/2025 19:49:01,L1nkG37; dp4x_#4642,@matheus.b37,https://www.youtube.com/@tiozimdafouspmasoq1786
25/05/2025 19:59:40,\sum Márcio ,Cantelmo_.bc,Falsomatematico
25/05/2025 20:31:59,Ubiratã, joaopontopedroo,@JoaoPedro-bv8nw
25/05/2025 20:40:59,Leonardo_2002,leonardobf2002,Leonardo Baptista Fernandes
26/05/2025 13:42:56,PHenrique31,pablohenrique6640,P.Herique_31
26/05/2025 14:45:50,Gab,salzigue,ටිᥲᥣʑꪱᦋ e Gabriel Ol
27/05/2025 09:31:50,Luos,Luospaixao,Luciano Paixão
27/05/2025 15:08:19,@brunomb91,@brunomb91,@brunomarquesbarbosa
27/05/2025 18:10:02,notus_77,jottave_7_,JoaoVictor_v7
27/05/2025 18:10:25,notus_77,jottave_7_,@JoaoVictor_v7
27/05/2025 18:12:34,notus_77,jottave_7_,@JoaoVictor_v7
27/05/2025 18:13:44,notus_77,jottave_7_,@JoaoVictor_v7
27/05/2025 18:15:23,notus_77,jottave_7_,@JoaoVictor_v7
27/05/2025 18:16:49,notus_77,jottave_7_,@JoaoVictor_v7
27/05/2025 18:19:25,notus_77,jottave_7_,@JoaoVictor_v7
27/05/2025 18:21:27,notus_77,jottave_7_,@JoaoVictor_v7
27/05/2025 18:24:22,notus_77,jottave_7_,@JoaoVictor_v7
27/05/2025 18:27:40,notus_77,jottave_7_,@JoaoVictor_v7
27/05/2025 18:30:47,notus_77,jottave_7_,@JoaoVictor_v7
27/05/2025 18:35:24,notus_77,jottave_7_,@JoaoVictor_v7
27/05/2025 18:41:11,notus_77,jottave_7_,@JoaoVictor_v7
27/05/2025 20:28:19,@professoradriano,não tenho,@professoradriano
28/05/2025 01:05:00,Saulomelo,rafael_melor,@rafaelmelo2752
28/05/2025 14:34:40,Lipekischlat,felipekischlat,Felipe Ferreira Kischlat
30/05/2025 02:52:55,ytallo9902,ytallo.pablo,@ytallopablo7614
30/05/2025 12:32:02,"Lorenzoo(não tenho certeza, pode ser lorenzin255)",Lorenzin.08,lorenzo3778
31/05/2025 15:01:55,livara_math,joaov_fds,livarao
01/06/2025 09:44:21,"Matheus, com letra H / matheusert",matheusab601,"@idontknowwhattoputinthis / Mathews, the mathematician"
02/06/2025 11:25:42,Jottave7,Jottave_7_,JoaoVictor_v7
02/06/2025 12:38:48,Moylester/hsjs5851,miguelalbuquerqueleite,@Nino-z5p2r/ Nino 
02/06/2025 15:32:11,"Pacheco, Pacheco07685",arturvpacheco,arturvenancio2353
03/06/2025 09:49:00,leandro_sanchess,leandro_sanchess,LEANDRO_SANCHES
04/06/2025 05:31:22,Filipe Silva,filiph_sivas,Estudante Apenas ou @estudanteapenas2307
04/06/2025 12:07:30,felipe.lourenco (Felps),felipelourencs,felipelourencs
06/06/2025 14:08:40,avellar75,avellar75,@EvandroAvellar
06/06/2025 14:57:05,_marcospls_,marcos_plsantos,MegaMarcos202
07/06/2025 20:30:04,Velmiro ,velmirocarvalho,velmiro augusto 
08/06/2025 13:42:50,mrjpk ou Mrjpk#7201,joaokuhn16,@jpkkuhn ou JPK Kuhn
08/06/2025 13:53:48,Vlugin,vinicius.leopold,@justonemore.2545
09/06/2025 11:29:58,lucas046526,lucasandrade7632,@Lucas_Andrade-u5y
10/06/2025 13:03:10,Ian Lages,lianbelmont,Ian Lages (@enrikianlages)
10/06/2025 20:59:19,manu8978,emanuellebava,@manut657
11/06/2025 16:27:26,kaicguzto,kaiqueguzto,@KaiqueAugusto-v3e
11/06/2025 17:21:05,Erika,Erika Santos ,Erika 
11/06/2025 17:25:33,magago_6969,lucasmagalhaes0001,@lucasmagalhaes3669
11/06/2025 17:26:16,tapioka_docy,Nao possuo,tapiokadocy2273
11/06/2025 17:38:39,gustavo_1230648,@sgustavorezendedos,@GustavoRezende-jx5hl
11/06/2025 18:00:11,Gomes,Não uso,Gutsdasilva
11/06/2025 18:55:36,caroliscaroles,caroliscaroles,caroliscaroles
11/06/2025 19:04:20,zambolim,instafodase,@danielkniss
11/06/2025 19:29:36,Junin3973,juniorl_dantas,Júlia Dantas
11/06/2025 20:07:11,robertouzzz,paulorobert0202,Paulo Roberto
11/06/2025 20:15:08,Sukeso#6279,Rochefoucauld1,@sukeso6510
11/06/2025 20:37:16,Vitória Felps,Vii.tuttii,@Felpsanai1629
11/06/2025 20:39:15,Vault-Boy Trotskista,@nox.ravenvs,@vault_trotsky
11/06/2025 20:59:03,kryel/whynotkyel,notnoootnooot,@whynotkryel
11/06/2025 21:52:43,Lucas C. (blacknoir2802),@lucascgcarvalho,Lucas Carvalho (@lucascarvalho1791)
11/06/2025 22:31:35,Jhones,Jhones6930,Jhones Felipe Santana da Silva 
11/06/2025 22:33:42,anjo_reii,davix.xtt,Davi Costa
11/06/2025 22:46:34,Gley,Gleyci.costa,Gleyci
11/06/2025 22:54:02,ortahgun,giordano_svm,@giordanovieira9656
12/06/2025 09:53:39,Bacon_frito ,Lucas cesar,Lucas cesar
15/06/2025 14:40:06,LiterrallyMe,matheus.nava,matheus henrique
17/06/2025 16:02:34,joao_uchiha_madara9644,@obmeper_estudante,João Henrique 
17/06/2025 18:38:34,algostiny,augusto.schf,Augusto
18/06/2025 23:50:14, burkeano_46944,levydesousaccb,LevydeSousaFonseca-hu1wh
19/06/2025 18:11:55,Elias (saileovsky),itz_saile,saileovsky
21/06/2025 00:13:39,Matheus,canfield_matheus,Matheus Canfield
04/07/2025 18:44:15,Mr. Morais,luizmorais_ag,Mr. Morais
05/07/2025 12:17:35,Herryzin,_Silvawx_,Incógnita de Herry
05/07/2025 12:21:31,nerdonho,fcomatheus.montenegro,Ridlav Schneider
05/07/2025 12:21:45,ycholas,onycholass,Nycholas
05/07/2025 12:23:15,Rubensgame55,Rubens Monteiro Serra,Rubens
05/07/2025 12:23:57,pinheirowk,cxyargg,pinheiroawk
05/07/2025 12:25:01,mingau05718,@miguel_eu_epcar,@mingaufiltrado
05/07/2025 12:26:51,alexandrexz07, alexandrexsz.07,@alexndrepl
05/07/2025 12:31:51,Lucasramos3555,Markgrayson18181,LucasLucaLucas
05/07/2025 12:37:05,nicolas133bruno,nicolas133bruno,@Nicolas133bruno
05/07/2025 12:39:02,miranhadoita_84903,"meu instagram é privado, prefiro não compartilhar",@TúlioOliveira-m1y 
05/07/2025 12:44:45,dvzerk,douglas_vsandri,dvzerk
05/07/2025 12:52:54,Saturn_Flower,caamis_diass,@cah3072
05/07/2025 12:55:43,rex02348,icaro.anael,BombadoIAA
05/07/2025 13:06:11,kalango,kauancsilva26,kauan.265
05/07/2025 13:15:34,Kakauplay_57490,Kauanny_2211,Kakauuwu
05/07/2025 13:20:37,pedro.mdt,pedr_3henrique,@pedro-4959
05/07/2025 13:24:06,alano ,02alano,Alano - Exatas link: https://www.youtube.com/@eueuestou
05/07/2025 13:31:26,@magamerbrasil(βΓαΖⅠ↳ἰΔΠɢὑϒ (ಠ_ಠ)),@matheushenrique_9002,@Magamerbrasil(Brazilian Guy)
05/07/2025 13:32:31,"Supermanzin( ou Usman Abdul Jalil Sisha, não sei qual é o certo)",Matheusfernandes_fo_,matheusmanzin1269
05/07/2025 14:04:43,Elon Jung,higorfelip3,Elon Jung
05/07/2025 14:17:35,Nome principal é josuke1234; nome do servidor: Souzxy,mateusouzzaa_,Josukezin
05/07/2025 14:27:21,Thur has been left,baker.xp01,Thu288
05/07/2025 15:48:22,"santipulga  (Desculpa, eu não consigo comentar no vídeo porque sou menor e tenho modo restrito imposto pelo meu pai. Peço que me deixe entrar no sorteio de boa fé. Obrigado!)",santiagovagosvalente,SANTIAGO VAGOS VALENTE (a12167@ageilhavo.com)
05/07/2025 17:10:19,zanazi0222,stn_rennan,@Rennanfontes
05/07/2025 17:36:05,GuiVitorino09,Guivitorinosccp,Esoccerzone
05/07/2025 21:39:04,Yoopy (nick como yoopy_yoo),"@is.meky (não utilizo, porém utilizei ao seguir)",Yoopy Yoo
06/07/2025 12:05:35,L3hii,l3vi_s3,Levay
06/07/2025 14:56:30,isabellesteinhaus,isabellesteinhaus,Isabellesteinhaus 
06/07/2025 15:27:10,luckzzx,serpalucass,lucas
06/07/2025 21:12:54,henriquemate,Henrique Parini,henrique mate
06/07/2025 22:12:08,biel_5469,@lessabiel_,@biel21_
07/07/2025 00:20:07,TekkosH ,anjo.loyola,TekkosH
10/07/2025 14:23:23,@grenn balls/paulomotrocas,@duilmoeuripedes,@Demencia_Rework
10/07/2025 19:37:17,deckes.reg,af_nicolaas,@nicdeveludo
11/07/2025 11:08:55,_nasciment01_,pedrogui_pacheco, Pedro “Pedro” Guilherme @ForTwo-st4nx
11/07/2025 17:22:13,Tinker Bell,Kallyanecris,Kallyane Cristiny
11/07/2025 19:12:52,João Fernando | joaoxfernando,joaoxfernando,JoaoSPFC
11/07/2025 20:46:34,securis,ericdomal,Éric José Cardoso Duarte
12/07/2025 18:25:29,Flavio,Flavio Dobler,@flavio1762
12/07/2025 21:06:43,Wilso,wil.wilson.neto,LeoWil
12/07/2025 22:29:26,Fellipesre,fellipesre,@fellipesre2
13/07/2025 10:52:13,ramanujan0,es.t.eban,@we8ih
13/07/2025 12:35:58,marcossouto,_marcossouto0,marcossouto0
13/07/2025 20:15:11,_.akin_,ig_nobil,@TH3_J4CK
13/07/2025 20:59:49,delcio.oliveira,@oliveira.delcio12,@delciooliveira
14/07/2025 12:09:19,Ollecram20,Ollecram22,Ollecram20
14/07/2025 17:44:35,subjetividade,9218243981934jsdfa,kkkkkkkkkkkkk-bz5ws
15/07/2025 10:35:55,dudus.c.t,Não possuo,@EduardoTeixeira-f7j
16/07/2025 14:32:49,R4gsui,onofri.jv,João Vitor Onofri
16/07/2025 15:15:58,yfelipe_,felipedpc_,felipedourado7995
16/07/2025 20:01:28,axoloteiro,axoloteiro,Axoloteiro
21/07/2025 18:03:11,iCaRo,icarocf0,VooLiterário
23/07/2025 06:34:29,@rooneyz,@mr0_0ney,@michelrooney
23/07/2025 16:11:40,Tiygsov,,Tiygsov
23/07/2025 16:13:20,logderick_40117,,@Ricássio-c8c
23/07/2025 16:20:33,under7282,,#UNDER#
23/07/2025 16:20:37,Kelpson,,@kelpsongabriellopesdantas2090
23/07/2025 16:21:18,JOÃO PEDRO (victor papa),,@JoaoPedro-ot2xu
23/07/2025 16:23:05,Moises,,@gui2314
23/07/2025 16:24:09,franz,,Franz Tanabe
23/07/2025 16:24:14,abacaxi0328,,abacaxi33
23/07/2025 16:32:32,radin.bruno,,Its Darker
23/07/2025 16:41:20,[s7] shaDy ,,Guilherme Araujo 
23/07/2025 16:44:14,almeida0.8,,Pobre do Cerrado
23/07/2025 16:44:50,Marchiolli,,Marcelo Marchiolli
23/07/2025 16:47:04,ApolloTavares,,ApolloTavares
23/07/2025 16:47:43,NEVEK,,nevek-s4d
23/07/2025 16:51:03,cassulacom2s8365,,Ian
23/07/2025 17:14:22,mejambo,,@LuizaSilva-mh3he
23/07/2025 17:23:26,Fredsonchaves,,@fredsonchaves242
23/07/2025 17:31:32,Jalinhabey_,,@thephagas
23/07/2025 17:34:09,blankk_y,,@GuilhermeAbreuSTD
23/07/2025 18:03:45,dolphin18 (#3899),,ROD (@rod8435)
23/07/2025 18:09:17,LAPIS ,,lapiseira7822
23/07/2025 18:35:45,GAB (gabfranco),,Gabriel Martins Franco (@gabrielmartinsfranco7320)
23/07/2025 18:41:10,sirgabrielramos,,@fireclips8685
23/07/2025 18:43:44,kloqui,,Skaarl
23/07/2025 19:21:44,Vit,,Vitsa10-e9c
23/07/2025 20:14:27,ivisson _19,,maha Medeiros 
23/07/2025 20:15:02,Carlos Roberto Seles,,crseles
23/07/2025 20:34:34,Cadoo_,,cadoo_7654
23/07/2025 21:05:47,Davi Gomes Nobre,,davi_h5
23/07/2025 22:31:13,brendinsla,,Brendon santos (@brendonsantos6225)
23/07/2025 23:13:24,bolacha5289,,Pedro Sorati Matsuyama
24/07/2025 00:23:21,Babynawnaw,,Gabriel araujo de lima
24/07/2025 08:08:13,@Vicenzo de Sampaio ,,@vicenzograzinoli
24/07/2025 08:29:11,Vsouzamoura VINICIUS,,Viniciusszmoura
24/07/2025 09:28:32,Gabriel Calenzani,,Gabriel Depiante Calenzani
24/07/2025 09:58:18,ramos05919,,@ramos8119
24/07/2025 10:44:26,befds._.,,@be._.4615
24/07/2025 11:41:33,.kiwii092,,hehe (ou hehe7619 não sei qual aparece)
24/07/2025 11:53:50,raul.sc,,3raul14
24/07/2025 12:12:24,PEICEX,,TIO IROH (@tio-iroh)
24/07/2025 13:26:47,iker torres serpa,,EstudanteSofrido
24/07/2025 14:22:21,jamessouza,,James de Souza
24/07/2025 17:28:34,dyfelipe.,,@Felipe-y1i
24/07/2025 22:37:01,Pilhadaboa,,eduardoz398
24/07/2025 22:42:44,plinio,,@pliniopersil
25/07/2025 14:33:02,Scheder,,@scheder405
25/07/2025 15:33:12,pedroprazeres,,@joaopedroprazeresdearruda8359
25/07/2025 18:30:21,itsme.mogli,,mogly1028
25/07/2025 18:52:33,thabata_1602,,@thabatai.schulz3693
25/07/2025 22:00:50,ardonitos,,Ardonitos
26/07/2025 13:09:35,mv.vdss,,@MarcusVinicius-nz4xy
26/07/2025 14:01:13,zyur7x6262,,@zYur7x
26/07/2025 14:45:37,roger551,,@erickroger1513  - Erick Roger
26/07/2025 16:14:13,antonv1c,,antonv1ch
26/07/2025 18:30:53,HappyCampioni ,,HappyCampioni
26/07/2025 19:15:59,ultrafire_oficial,,@Ultrafire_ofc
26/07/2025 23:06:41,caduhh5408,,@Xiaosnoww
27/07/2025 11:34:16,brunksz,,lbr7no
27/07/2025 14:19:40,Davi_G,,Falou
27/07/2025 17:58:44,Harry_Shady,,@eduardoguimaraes5226
27/07/2025 18:10:21,#eulergalois (Jhony Alex),,@jhonyalex5726
27/07/2025 19:00:21,Abacaxi Atinge a Terra,,Lightto ML
27/07/2025 20:54:47,Greensky,,Leandrofsouza33
28/07/2025 09:26:58,Yudi (yudi_trabson),,gustavoyudi9120
28/07/2025 11:54:15,Smigle Lindão,,Ita-f5g
28/07/2025 15:50:59,liaoli,,liaolii
28/07/2025 16:09:59,dudavitt,,@dicrectorscut
28/07/2025 16:45:37,artsalm,,Artur Salmazo
28/07/2025 17:09:26,matperigrino (Mateus Perigrino),,@mateusperigrino5417 (Mateus Perigrino)
28/07/2025 17:46:41,acguardia,,guardia_ac
28/07/2025 19:47:40,improut (exibição: ph),,improut
28/07/2025 20:24:02,jvbazeto,,jvbazeto
28/07/2025 20:44:45,mastergriffin96,,Kaique Oliveira
28/07/2025 20:59:11,Ziul,,Luiz Augusto de Lira (@LuizZiull)
29/07/2025 10:42:58,Alibabapenguim ,,Enzo ribeiro de castro costa 
30/07/2025 00:14:27,ralphraws,,rlfreitass
30/07/2025 05:48:34,the_goodfella,,@rafaelmachado2527